original_title|canonical_title
crowd|Crowd
tuning|Tuning
tune up|Tuning
happy birthday uncle bobo|Happy Birthday
happy birthday|Happy Birthday
phil breaks string|Stage Banter
phil's almost in tune|Stage Banter
the perfect audience|Stage Banter
estimated*|Estimated Prophet
eyes*|Eyes Of The World
wheel*|The Wheel
pitb*|Playing In The Band
midnight countdown|Midnight Countdown
happy new year|Happy New Year
countdown|Countdown
hamza el din set|Hamza El Din
hamza el din song #1|Hamza El Din
hamza el din|Hamza El Din
bobby joke|Stage Banter
bobby's story|Stage Banter
weir's deer story|Stage Banter
weir's lumberjack story|Stage Banter
bob regales|Stage Banter
[bob regales]|Stage Banter
are you ready?|Stage Banter
[are you ready?]|Stage Banter
thank you uncle bobo|Stage Banter
[thank you uncle bobo]|Stage Banter
uncle bobo|Stage Banter
broken string & happy birhtday|Stage Banter
legendary & interminable|Stage Banter
[legendary & interminable]|Stage Banter
long pause between songs...|Dead Air
bass presence increased briefly|Technical Note
to validate audio integrity|Technical Note
kansas city moan|Kansas City Moan
stayin' alive tease|Stayin' Alive Jam
turn down the lights|Stage Banter
drums> space>|Drums
drums -> space ->|Drums
drums/space|Drums
spacey jam|Jam
spacey jam>|Jam
lazy lightning> supplication|Lazy Lightning
me and my uncle [bobo]|Me And My Uncle
me and my uncle [bobo] >|Me And My Uncle
introduction|Introduction
intro|Introduction
banter|Banter
jam|Jam
audience|Audience
applause|Applause
stage banter|Stage Banter
band introductions|Band Introductions
band intros|Band Introductions
announcements|Announcements
soundcheck|Soundcheck
warmup|Warmup
fade in|Fade In
fade out|Fade Out
cut|Cut
tape flip|Tape Flip
tape cut|Tape Cut
unknown|Unknown
crowd/tuning|Crowd/Tuning
crowd & tuning|Crowd/Tuning
tuning & crowd|Tuning/Crowd
crowd/banter/tuning|Crowd/Banter/Tuning
encore break|Encore Break
set break|Set Break
technical difficulties|Technical Difficulties
technical difficulty|Technical Difficulties
broken string|Broken String
six days on the road|Six Days On The Road
superman|Superman
whatcha gonna do|Whatcha Gonna Do
glendale train|Glendale Train
all i ever wanted|All I Ever Wanted
fair chance to know|Fair Chance To Know
portland woman|Portland Woman
cecilia|Cecilia
last lonely eagle|Last Lonely Eagle
louisiana lady|Louisiana Lady
hinky tonk woamen|Honky Tonk Women
honky tonk women|Honky Tonk Women
truck drivin' man|Truck Drivin' Man
truck drivin man|Truck Drivin' Man
dancin' jam|Dancin' Jam
dancing jam|Dancin' Jam
tuning/banter|Tuning/Banter
crowd + tuning|Crowd/Tuning
zarathustra introduction|Also Sprach Zarathustra
interview|Interview
discussion|Discussion
prankster|Prankster
technical|Technical Difficulties
take a step back|Take A Step Back
funiculi funicula|Funiculi Funicula
funiculì funiculà|Funiculi Funicula
house music|House Music
house music / bill graham outro|House Music / Bill Graham Outro
bill graham outro|Bill Graham Outro
dead air|Dead Air
vocal rehearsals|Vocal Rehearsals
fingerprint files|Fingerprint Files
talk|Talk
announcer's outro|Announcer's Outro
interview|Interview
ralph gleason interviews jerry garcia|Interview
shntool confirms tracks on sector boundaries|Technical Note
brief diginoise|Digital Noise
digi-static|Digital Noise
l/r channel fade-outs|Technical Note
lovelight instrumental jam|Turn On Your Lovelight Jam
instrumental jam|Jam
vaudeville chorus|Vaudeville Chorus
"vaudeville chorus"|Vaudeville Chorus
neal cassady|Neal Cassady Rap
neal cassady rap|Neal Cassady Rap
neal cassady "rap jam"|Neal Cassady Rap
neal cassady rap jam|Neal Cassady Rap
neal cassady backed by the dead (long version)|Neal Cassady Backed By The Dead
neal cassady backed by the dead (flexi-disc version)|Neal Cassady Backed By The Dead
pride of man|Pride Of Man
hoot! jeer!|Hoot! Jeer!
"the beatles aren't here"|Stage Banter
the beatles aren't here|Stage Banter
jerry - "we're only doing this to kill time."|Stage Banter
jerry - we're only doing this to kill time.|Stage Banter
"let it shine" vocal rehearsals|Vocal Rehearsals
let it shine vocal rehearsals|Vocal Rehearsals
"let it shine" vocal rehearsals|Vocal Rehearsals
l/r channel fade-outs for first|Technical Note
drums -> space ->|Drums
drums > space ->|Drums
drums > space|Drums
drums / space|Drums
drums cont.|Drums
drums (with friends)|Drums
drums with phil|Drums
rhythm devils|Drums
drums% ->|Drums
drums -> (3)|Drums
phil announcement|Phil Announcement
phil's announcement|Phil Announcement
weir story|Weir Story
poacher story|Poacher Story
bob's lumberjack story|Weir Story
radio station interviews|Interview
bob weir radio interview|Interview
jerry solo (close encounters)|Jerry Solo
mickey's hat|Mickey's Hat
mickey's hat|Mickey's Hat
happy new year !|Happy New Year
the perfect audience|The Perfect Audience
they are the greatest rock & roll band that ever was|Banter
for you folks who are just listening to the radio...|Banter
hello, just a few more seconds...|Banter
generated and matched to shn st5|Technical Note
d/o @ 4:22 and 5:23(removed).|Technical Note
(0:26 - 0:35) - missing|Technical Note
(2:07 + 2:10) - eliminated dropouts|Technical Note
electronic weasels/funiculi funicula|Funiculi Funicula
hamza el-din|Hamza El Din
hamza el din|Hamza El Din
hamze el din song #2|Hamza El Din
hamza el din #1|Hamza El Din
hamza el din #2|Hamza El Din
hamza el-din 1|Hamza El Din
hamza el-din 2|Hamza El Din
hamza jam #1|Hamza El Din
hamza jam #2|Hamza El Din
hamza el din accompianied by the abu simbel youth society of cairo|Hamza El Din
playing reprise|Playing In The Band
space > jam|Space
not fade away> caution jam> i got my mojo working|Not Fade Away
drums -> space -> **|Drums
drums> space|Drums
drums> space >|Drums
t06.drums|Drums
phil breaks string - bobby's hunter joke|Banter
bass presence increased briefly in dire wolf (pa mix change?)|Technical Note
deal (jerry's voice finally quits)|Deal
the other one -> (aud patch)|The Other One
bobby comment|Banter
a hand for our drummers|Banter
a big hand for the weather|Banter
bass and drums|Drums
more bass trouble and the poacher story|Banter
04 minutes and 13 seconds into drums, 25.765 seconds were missing from the audience|Technical Note
'getting everything just exactly perfect'|Banter
jam 10|Jam
hamza el din song #2|Hamza El Din
hamza el-din #1|Hamza El Din
hamza el-din #2|Hamza El Din
drums* -> ollin arrageed*|Drums
the other one_dark star jam|The Other One
drums -> 15:40*|Drums
jerry solo|Jerry Solo
to validate audio integrity.|Technical Note
drums > space -> **|Drums
the perfect audience *|The Perfect Audience
they are the greatest rock & roll band that ever was *|Banter
t06.drums/*|Drums
drums -> space|Drums
setbreak|Set Break
set break|Set Break
setbreak 1|Set Break
setbreak 2|Set Break
clear the aisles|Clear The Aisles
clear the aisles 1|Clear The Aisles
clear the aisles 2|Clear The Aisles
clear aisles|Clear The Aisles
clear the aisles 1 (setbreak)|Set Break
clear the aisles 2 (setbreak)|Set Break